companyName,businessCategory,companyURL,businessGeoRegion
Louzan Fashion,Fashion and Apparel,louzanperfumes.myshopify.com,UAE
CarInfo ,Automobile,carinfo-store.myshopify.com,India
Revibe KSA,"Electronics,Phones,Laptops,Gaming",revibe-sa.myshopify.com,Saudi Arabia
dermazone,"Beauty & Cosmetics,Health & Nutrition ",dermazone-store.myshopify.com,Saudi Arabia
The Wellness Shop,"Health & Nutrition ,Cosmetics,Wellness Products,Beauty",56e65e-43.myshopify.com,India
Shivam Autozone,Automobile,https://shivamautozone.com/,India
Revibe,"Electronics,Phones,Laptops",revibe-me.myshopify.com,UAE
suwasthiStore,"Wellness Products,Health & Nutrition ",suwasthistore.myshopify.com,India
ICBI ,Healthcare,imageconsultinginstitute.com,USA
HairOriginals,Beauty & Cosmetics,hoindiacl.myshopify.com,India
Astro Arun Pandit ,Spritual,https://astroarunpandit.org/,
IDP Education,Education Administration Programs,,Australia
Christ University ,,https://christuniversity.in/,
NEUMOMED,Healthcare,https://neumomed.com,India
Sowears,,sowears-net.myshopify.com,
AAYNA Clinic,Wellness and Fitness Services,aaynaclinic.com,India
Auric,Financial Services,https://auric-store.myshopify.com/,USA
Gemsmantra,"Jewellery,Gems",gemsmantra.myshopify.com,India
ISAAC,Wellness Products,www.isaacluxe.co,India
Blur India,Fashion and Apparel,blur-cosmetics.myshopify.com,India
Cavallo Collection,Fashion and Apparel,cavallocollections.myshopify.com,UAE
Farmley ,Food and Beverage Manufacturing,farmley-dry-fruit.myshopify.com,India
Preethi Shapewear,,eeb865.myshopify.com,
Nisara Beauty,Beauty & Cosmetics,nisarabeauty.myshopify.com,India
Shuddham Gaushaala,Dairy Products,shuddham-organic.myshopify.com,India
Instituto para la Calidad - PUCP,,https://calidad.pucp.edu.pe/,
Varak Edible Luxury,,ec18ee-3.myshopify.com,
HERO HOMES,Home Decor,https://herohomes.in/,India
JivaAyurveda,Wellness Products,jivaayurveda.myshopify.com,India
HALDAN,,halden-luxury.myshopify.com,
The Akshaya Patra Foundation,,https://www.akshayapatra.org/,
Menoveda,"Health & Nutrition ,Wellness Products",menoveda.myshopify.com,India
Bizgurukul,Education,https://bizgurukul.com/,India
Hay Clothing,Fashion and Apparel,hay-clothing-india.myshopify.com,
Bogart Man,Fashion and Apparel,bogartman.myshopify.com,Italy
Jeeaayanu Fashion,Fashion and Apparel,jeeaayanu-fashion.myshopify.com,India
Handsome Scent,Perfumes,handsomescent.com,Ireland
Melange Singapore,,melange-singapore.myshopify.com,
Mirum,Advertising Services,https://mirum.com.mx/,India
SHOTKW SHOP,,shot-kuwait.myshopify.com,
Century,,www.centuryrealestate.in,
Joules by Radhika,Fashion and Apparel,joules-by-radhika-6905.myshopify.com,India
AashirsLifestyle,,aashirsfashions.myshopify.com,
Nersify,Education Administration Programs,nersify.co.uk,India
Everdion,Beauty & Cosmetics,ever-dion.myshopify.com,India
Rightangled,,rightangled-store.myshopify.com,
Namyaa Skincare,Beauty & Cosmetics,namyaa.myshopify.com,India
Sole.ro,,https://www.sole.ro,
Latin-Quarters,Fashion and Apparel,latin-quarters1.myshopify.com,India
Yanchi,Fashion and Apparel,0a7d0b-3.myshopify.com,India
Corvi LED Pvt Ltd,Home Decor,corvilight.myshopify.com,India
Lakshmi Boutique LLP,Fashion and Apparel,lakshmiboutiques.myshopify.com,India
K9 Vitality,Wellness Products,k9vitalityindia.myshopify.com,India
French Essence,Wellness Products,71e37c-3.myshopify.com,India
LITIAO,,ef66c9.myshopify.com,
The Fun Company,Fashion and Apparel,de2b78.myshopify.com,India
Zinque Patisserie,,zinqueindia.myshopify.com,
COSSET CLOTHING,Fashion and Apparel,cosset-clothing.myshopify.com,India
Estuary World,Food and Beverage Manufacturing,estuaryworld.myshopify.com,India
VESTIRIO,Fashion and Apparel,vastrakunj.myshopify.com,India
Anuvas,,myanuvas.myshopify.com,
Mama Nourish,Food and Beverage Manufacturing,cd4c68-2.myshopify.com,India
Smartivity,,smartivity-in.myshopify.com,
SHIVAN & NARRESH,Fashion and Apparel,shivanandnarresh.myshopify.com,India
Gusto Foods,Food and Beverage Manufacturing,gusto-foods-store.myshopify.com,India
Shopndia,,51246e-5.myshopify.com,
SkinbydrG,,skinbydrg-com.myshopify.com,
Japnam,Fashion and Apparel,19127a-ca.myshopify.com,India
Fit and Flex,Food and Beverage Manufacturing,fitandflexshop.myshopify.com,India
145 East Official,Fashion and Apparel,145-east-official.myshopify.com,India
Dista USA ,Fashion and Apparel,distacart-india.myshopify.com,
Khivraj Motors Pvt Ltd,,www.khivrajmotors.com,
Bipha Ayurveda,,biphaayurvedaindia.myshopify.com,
Stockroom Coffee,,stockroom-coffee.myshopify.com,
ShopOnCliQ,,shoponcliq.myshopify.com,
Nushu Period Underwear,,nushuwear.myshopify.com,
Jaipur Masala Company,Food and Beverage Manufacturing,jaipurmasalacompany.myshopify.com,India
NOTDrones,,notdrones.myshopify.com,
Panier des Sens HK,Beauty & Cosmetics,panier-des-sens-hk.myshopify.com,United Kingdom
ZERESOUQ,,zeresouq-new.myshopify.com,
Prinjal Jewels,,prinjal-jewellers.myshopify.com,
Novora,,novora-clothing.myshopify.com,
Rashki,Fashion and Apparel,rashki.myshopify.com,India
Caim by arelang,"Beauty & Cosmetics,Wellness Products",arelang-store.myshopify.com,India
The Auric  US,,auric-9898.myshopify.com,
Derm-Mart,,glowbiotics-hk.myshopify.com,HongKong
bagrustore,Fashion and Apparel,jayporefab.myshopify.com,India
Capsul,Fashion and Apparel,shopcapsul2018.myshopify.com,India
T T Bazaar,Fashion and Apparel,ttbazaar.myshopify.com,India
E3K,Jewellery,dounty-com.myshopify.com,India
Leader Bicycles,,leader-bicycles.myshopify.com,
Gujarat Titans,,https://www.gujarattitansipl.com/,
STITCH STORIES,,stitch-stories-8967.myshopify.com,
IIT Delhi,,https://iitdalumni.com/,
CURRYiT,Food and Beverage Manufacturing,curry-it.myshopify.com,India
Motherland Hospital,Healthcare,https://motherlandhospital.com/,India
Newgenmax,Education Administration Programs,https://www.newgenmax.com/,India
TRIBE,,tribehomeware.myshopify.com,
ironyhome,Home Decor,ironyhome.myshopify.com,UAE
Advanced Hair Studio ,,https://www.advancedhairstudioindia.com/,
Dermazone store,"Beauty & Cosmetics,Health & Nutrition ",dermazone-store.myshopify.com,Saudi Arabia
Enrico Eyewear,Fashion and Apparel,enrico-eyewear.myshopify.com,India
Alyve Health - Imagine Healthfin Pvt Ltd,,https://alyve.health,
Activ Life,Daily Essentials,activlifein.myshopify.com,India
PriyaGold,,Priyagold.com,
Crunky Funky,,crunkyfunky.myshopify.com,
iD Shoes,,idshoesonline.myshopify.com,
MISHMASH NATURALS,Wellness Products,fe081c-76.myshopify.com,India
DeBelle Cosmetix Online Store,,debelle-shop.myshopify.com,
IKONIC WORLD,,8bcfc7.myshopify.com,
Skinluv.in,Beauty & Cosmetics,skinuv-in.myshopify.com,India
Wear Your Words,,shreyafirststore.myshopify.com,
Neelamsteel,Utentils,neelamsteel.myshopify.com,India
Desplastificate,Daily Essentials,desplastificate.myshopify.com,India
VISHAL KAPUR,,vishal-kapur-studio.myshopify.com,
The Art of Living,,https://www.artofliving.org/us-en,
VehicleCare,Automobile,https://vehiclecare.in/,India
Kidsmate,,https://leaderbicycles.com/pages/kidsmate,
The Kaatn Trail,Fashion and Apparel,the-kaatn-trail.myshopify.com,India
ZOROY,Food and Beverage Manufacturing,zoroy-8977.myshopify.com,India
Khyaal (Taisho Ventures Pvt Ltd),,khyaal-store.myshopify.com,
Volaris LLC,,https://eventy-me.com/,
Lal Sweets India,Food and Beverage Manufacturing,lal-sweets-india.myshopify.com,India
Advanced Hair Studio - Chennai,,https://www.advancedhairstudioindia.com/,
STICK IT UP,,stickit-up.myshopify.com,
KiloBazaar,Sanitary ware,https://kilobazaar.in/products/,India
AGARO,,agaro-ting.myshopify.com,
ShenoyJewellery,,shenoyjewellery.myshopify.com,
OLIVES & GOLD,Fashion and Apparel,olives-gold.myshopify.com,India
PHI Clinics,,https://phiclinics.in/,
Wazaf HR Consultancies,,https://wazafhr.com/,
Golden Mirror Fashion,,c935aa.myshopify.com,
Ayur vaidya,,ayur-vaidya.com,
Wellfa,Cosmetics,3e948f-2.myshopify.com,India
United By Hope,,unitedbyhope.myshopify.com,
Remedo,,,
HOPE ROZA,,hope-rosa.myshopify.com,
ISAK,,venettaperfumes.myshopify.com,
Thenianantham,Fashion and Apparel,thenianantham.myshopify.com,India
Xtreme Media,,www.xtreme-media.in,
The Wellness Collective,Wellness Products,the-wellness-collective-india.myshopify.com,India
FreshKatch,,freshkatch.myshopify.com,
Plantomed,,plantomed.myshopify.com,
ClubWorks Golf,,clubworks-co-in.myshopify.com,
JANYAS CLOSET,,janyas-closet.myshopify.com,
Barphani,Healthcare,barphani.myshopify.com,India
AEGIS LOGISTICS LIMITED,Logistics,https://www.aegisindia.com/,India
Miri,,miri-dev.myshopify.com,
Craftribal,,1ebd11.myshopify.com,
Embark Perfumes,,8b7e3b-3e.myshopify.com,
AAFT ,,http://aaftonline.com/,
parasgalleryfabrics,,parasgalleryfabrics.myshopify.com,
THE NORTHBAY STUDIOS,,black-mamba-jewellery.myshopify.com,
Asmita Super Markets Pvt. Ltd.,,aef057-93.myshopify.com,
PolliNation World,Home Decor,pollinationdecor.myshopify.com,India
The Curvves,,the-curvves.myshopify.com,
Rekha Dental Center,Healthcare Consulting,www.rekhasdentalcare.com,India
Asian Sports,Fashion and Apparel,asiansportsonline.myshopify.com,India
The Heels India,,the-heels-india.myshopify.com,
Advanced Hair Studio - Gurgaon,,https://www.advancedhairstudioindia.com/,
REGRIP,Automobile,www.regrip.in,India
BuyStars,Online Gaming,https://www.buystars.com/,India
Sanctity Ferme,Real Estate,https://sanctityferme.in/,India
Botiqui - Farmacia Homeopatica,Wellness Products,shenfarmacia.myshopify.com,
ALAANPAY TECHNOLOGY FZCO,,alaan.com,
Behno New York,,behnoindia.myshopify.com,
Century Real Estate,,https://www.centuryrealestate.in/,
Kass,,www.kasscare.com,
heritagepunjab,,heritagepunjab.myshopify.com,
BubbleFig,Fashion and Apparel,body-fit-5999.myshopify.com,India
Balaji Cutpiece,Fashion and Apparel,balajicutpiece.myshopify.com,India
Shaaola,Automobile,shaaola.myshopify.com,India
Carry City India,Fashion and Apparel,07abba-2.myshopify.com,India
The Pet Project - Marketing,,https://thepetproject.com/,
Khivraj Automobiles & Infrastructure Pvt Ltd,,www.khivrajauto.com,
Brihans Natural Products Limited,,4b81ff.myshopify.com,
Arteastri,Fashion and Apparel,arteastri2.myshopify.com,India
SHAAN CARS PRIVATE LIMITED,,https://shaancars.in/,
AAFT PVT LTD,Education,www.aaft.com,India
Gita Ayurvedic,Wellness Products,admin-4835.myshopify.com,India
Aujjessa,,aujjessa2.myshopify.com,
Wagr Petcare,,wagrpetcare.myshopify.com,
Christ University,Education,https://ncr.christuniversity.in/,India
Ruii,Fashion and Apparel,studioruii.myshopify.com,India
BR Tata Insurance,,www.brtatamotors.com,
Smarteez,,c8a25a.myshopify.com,
PetCentral_AE,,petstop-new.myshopify.com,
Ikka Dukka Studio Pvt Ltd,,ikkadukka-store.myshopify.com,
Luvlap Store,,luvlap-store.myshopify.com,
Red Rooster Performance(International) Private Limited,,redroosterperformance.myshopify.com,
Tom Voyager SA,,tom-voyager-sa.myshopify.com,
Plus Curvves,,plus-curvves.myshopify.com,
Valkyre India,,valkyre-india.myshopify.com,
Farmley,Food and Beverage Manufacturing,https://www.farmley.com/,India
Marah Kids,,ff5572-94.myshopify.com,
Kapable,,https://kapable.club/,
Diva Yoga,,https://www.divayoga.com/,
Arkaye jewels,,da5a5d-3.myshopify.com,
Ascent Hospitality,,https://www.ascenthospitality.in/,
Online Mantra,,onlinemantrastore.myshopify.com,
YourSchoolBox,,www.yourschoolbox.co.za,
Primestyle.com,Fashion and Apparel,primestyle-new.myshopify.com,India
Michael Angelo | Shoe Makers,,michaelangelo.in,
BALAJI AUTOMOTIVE,,https://balajihonda.com/,
Leadright,,https://leadright.ae/,
The Meat Club,,the-meat-club-sg-wds.myshopify.com,
Ayushoveda,,f62e6c-2.myshopify.com,
Novo Insurance Broking,,https://www.novoinsure.com/,
GreenDNA India,,greendna-in.myshopify.com,
Ela Wear,,https://www.elawear.com/,
P&S Company,,p-and-s-company.myshopify.com,
Roovi,,95e0cf-7f.myshopify.com,
SkinWorks,,skinworks-official.myshopify.com,
The Bohemian Store,,the-bohemian-store-by-ishani.myshopify.com,
Molecule53,Beauty & Cosmetics,632d81.myshopify.com,India
Huggler,,huggler-india.myshopify.com,
Karuna Khaitan,,karuna-khaitan.myshopify.com,
Go Grub,,go-grub.myshopify.com,
Silversheen,,e56c28-2.myshopify.com,
Inti Fashions,,48de4a-47.myshopify.com,
Wolfattire,,wolfattire.myshopify.com,
Chavi Fashion,Fashion and Apparel,bagru-boutique.myshopify.com,India
The Forbidden Fruit India,,d828a3-2.myshopify.com,
CP Goenka International School,,https://www.cpgoenkainternationalschool.com/,
SugarBoo Curls,,sugarboo-curls.myshopify.com,
MissBliss Perfumes,,7wizh2-4x.myshopify.com,
Avanse Financial Services,,https://www.avanse.com/,
Dharmayu,,dharmayu.myshopify.com,
Raina's,Fashion and Apparel,48de95-2.myshopify.com,India
ELUNO,,longivitate.myshopify.com,
Gelco Electronics Pvt. Ltd.,,gelco-world.myshopify.com,
Kalapuri,,kalapuricraft.myshopify.com,
weartag.in,,4e97fe-3.myshopify.com,
Ridah Design Studio,,zabella-in.myshopify.com,
Greenbrrew,,greenbrrewcoffee.myshopify.com,
Maison De Fouzdar,Perfumes,https://mdfparfums.com/,India
Unrush Lifestyle LLP,,shopunrush.myshopify.com,
Crimsoune Club,,crimsouneclubonline.myshopify.com,
BULL REALTY GLOBAL PVT LTD,,https://bullrealtyglobal.com,
Durlabh Darshan by TechXR Innovations Private Limited,,7705ce-4.myshopify.com,
Khivraj Vahan Pvt Ltd,,https://www.olympiahonda.in/,
PRETTY UR PARTY,,b3986e-3.myshopify.com,
EuroCoffee,,eurocoffee-lavazza.myshopify.com,
Sunandini.in,,sunandini-in.myshopify.com,
Hillarys India,,https://www.hillarys.co.in/,
IIGCEST,,https://www.iigcest.com/,
True West,,6507fb-2.myshopify.com,
Shaan Cars Pvt Ltd,,https://shaancars.in/,
Nickron,,iqonique-nikcron.myshopify.com,
Madhuram Motors,,www.madhurammotors.com,
Spring Dale Senior School,Education Administration Programs,https://springdaleeducation.com/,India
Gokul Poly valves Pvt. Ltd.,,www.gokulvalves.com,
Ashapower Private Limited,,https://ashapower.in/,
Zepcruit,,www.zepcruit.ai,
Zelci,,dfd181-16.myshopify.com,
Ethnicadda,Fashion and Apparel,ethnicprintadda.myshopify.com,India
ZIVA CLOTHING,Fashion and Apparel,zivaclothing-in.myshopify.com,India
Acru,,theacru.myshopify.com,
Nobbys,,www.nobbys.in,
Propel HR Management Services Pvt ltd,,www.propelhr.in,
Infinix Mobiles,,infinixmobiles.myshopify.com,
Hocheparis,,hocheparis.myshopify.com,
Kazarmax,,https://kazarmax.com/,
CHARMIFIED,,hcbviq-gc.myshopify.com,
Stylish Icon,,delan.in,
Bray Cured,,bray-cured.myshopify.com,
sehatUP,,0ec320-gj.myshopify.com,
Muvtech,,190cbc.myshopify.com,
AarBee Attires,,a6c987-e9.myshopify.com,
Mahila Fashion Jewellery,,9ad7af-1b.myshopify.com,
UN-CUFFED,,shop-uncuffedclothing-com.myshopify.com,
Medialinks,,https://themedialinks.com/,
Future World Retail Pvt Ltd,,https://www.futureworldindia.in/,
Sanch by SANCH FARMS PRIVATE LIMITED.,,sanch123.myshopify.com,
Vaidhya Amrit Ayurveda Pvt.Ltd,,mnhkqb-zs.myshopify.com,
Dear Little,,7a9cef-34.myshopify.com,
Vasnam Jaipur,Fashion and Apparel,f0f514-f1.myshopify.com,India
Native Again Foods LLP,,native-again-6503-3.myshopify.com,
IIGM Private Limited,,www.iigm.cpm,
Silky Skin,Wellness Services,silkyskin-net.myshopify.com,Saudi Arabia
Finewine Cosmetics LLP,,https://finewine-cosmetics.com/,
INDEEVARI,,https://www.indeevari.com,USA
Revibe Kuwait,,revibe-kw.myshopify.com,
KAYSONS,,egrees-xb.myshopify.com,
DiviNom Healing,,av0mad-qc.myshopify.com,
URBANE EDUCATIONAL SOCIETY,,https://www.urbanecollege.com/,
Folksie,Fashion and Apparel,folksie-store.myshopify.com,India
Electromac Industries,,electromac-frp-trefoil-clamps.com,
Kedia Organic Agro Farms,,bombay-farmers-co.myshopify.com,
Flemorra,,0150nv-qv.myshopify.com,
The Pet Project,,pet-project-india.myshopify.com,
planetdsg.com,,planetdsg-com.myshopify.com,
Kripalani Jewellers Private Limited,,https://kripalanijewellers.in/,
christ University WA LAVASA,,https://lavasa.christuniversity.in/,
HiTech Machinery,,https://hitech-machinery.com/,
Khivrajkamal Motors Pvt Ltd,,www.khivrajkamalmahindra.com,
Kaithari Nesavu Sarees,,2b70a5-83.myshopify.com,
Kalamkani,,kalamkani.myshopify.com,
Emily Loran,,https://www.emilyloran.in/,
TOFFLE,,hofflepoffle.myshopify.com,
Rayt India,,rayt-india.myshopify.com,
Zenith International,,https://www.indiamart.com/zenith-international-patiala,
Sttavoss,,sttavoss.myshopify.com,
Tinybee,,https://atinybee.in/,
Weaves of Tradition,,weaves-of-tradition.myshopify.com,
Olixir Oils,,rahul-f3f5.myshopify.com,
Y Jewelry,,y-charms.myshopify.com,
OptionX,,https://optionx.tech,
Remedo,Healthcare Consulting,remedoapp.com,India
Cookbake,,cookbake.myshopify.com,
Project Serotonin,Healthcare Consulting,www.sr.tn,
Khimji Dayabhai Co,,https://www.khimjidayabhai.co/,
Plantomed 1,,https://plantomed.com/,
Mugdha Art Studio,,https://mugdha.co/,
Durlabh Darshan,,www.durlabhdarshan.com,
Parv Jewellers,,6d2bfe-62.myshopify.com,
Amara Luxury Pvt Ltd,,sbdp1j-kg.myshopify.com,
AAFT University,,https://aaft.edu.in,
Label IRIS,,labeliris.myshopify.com,
Athletifreak India,,x1n0ys-1a.myshopify.com,
Inspirito Ventures Pvt Ltd,,www.inspirito.in,
BLIX EDUCATION PRIVATE LIMITED,,d1b8a9-3.myshopify.com,
AssignPro Solutions,,https://assignprosolutions.com/,
Holm Story,,901f3c.myshopify.com,
ZANAK,,zanak-jewels.myshopify.com,
Label Aditi Hundia,,label-aditi-hundia.myshopify.com,
Silvano,,silvano1.myshopify.com,
Healthy Foods,,https://healthyfoodss.com,
Ricago,,https://ricago.com/,
Coldwell Banker,,https://www.coldwellbanker.ae/,
NutriCon,,yb5r2y-n1.myshopify.com,
NextGen Nutra Private Limited,,1u7v5i-bk.myshopify.com,
Trase Footwear,Fashion and Apparel,trase-footwear-india.myshopify.com,India
Kiko Riko,,kiko-riko.myshopify.com,
TIRUPATI CNC PRODUCTS,,www.tirupaticncproducts.com,
Seed&Skin,,xdw18f-nd.myshopify.com,
vitallfizz,,iaxfw8-w1.myshopify.com,
RS Excel English Academy,,www.rsexcelacademy.in,
OptionX,,https://optionx.tech/,
VERTE,,829d8d.myshopify.com,
Shop Tidy Up,,shop-tidy-up.myshopify.com,
VIRALIQ,,https://www.viraliq.ai/,
Laviscart,,7aa84a-2.myshopify.com,
Intoit By Intoitcare Private Limited,,intoitcare.myshopify.com,
Acme Heights 92,,https://www.mohanarc.com/,
VINDOF,,778a02-4a.myshopify.com,
Anaaya Cosmetics,,https://anaayacosmetics.com/,
Anmer London,,anmerlondon.myshopify.com,
Asian Business School,,abs.edu.in,
MOENA Lab Grown Diamond Jewellery,,cvurme-ar.myshopify.com,
Ovaro,,s2n7j9-pk.myshopify.com,
ARTI SURGICALS,,www.artisurgicals.com,
Manav Rachna Online,,https://manavrachnaonline.con,
MatAll,,www.matall.app,
BABBLEWRAP PRIVATE LIMITED,,babble-wrap-new.myshopify.com,
QI Ayurveda,,qi-ayurveda.myshopify.com,
PAPER-IT,,paperit-com.myshopify.com,
Guapa,,guaparesortwear.myshopify.com,
Geer Jewellery,,ic0vkn-6p.myshopify.com,
Monotone,,0066a7-37.myshopify.com,
Electrobtech Innovations Pvt Ltd,,https://www.electrobtech.in/,
Aranqa,,wuawpg-ky.myshopify.com,
"Patang, PEP AND POP PRIVATE LIMITED",,https://thepatangstory.com/,
365 Wellness and HealthTech Pvt Ltd,,365vedaofficial.myshopify.com,
Mondain Shoes,,mundane-shoes.myshopify.com,
Calma,,calma-one.myshopify.com,
Enna Chekku,,enna-chekku.myshopify.com,
Prakruti Graphic Pvt Ltd,,www.pgpltechprint.com,
Applied Techno Engineers Private Limited,,www.appliedtechnosystems.net,
The Luxury Flavor,,https://theluxuryflavor.com/,
Eleme,,eleme-by-alchemy.myshopify.com,
Rishi and Vibhuti,,rishi-and-vibhuti.myshopify.com,
Seroma Ventures,,seroma-perfumes.myshopify.com,
REAL n RARE,,rnrbyriya.myshopify.com,
Growify Digital,Fashion and Apparel,growify-digital.myshopify.com,India
Buildon Plasters private limited,,www.buildon.co.in,
Firmway Services Pvt Ltd,,https://firmway.in/,
sammyukk,,b4894c-53.myshopify.com,
Kun the Label,,ckpvad-uj.myshopify.com,
mpra-label,,mpra-label.myshopify.com,
Creative Automation,,https://creativeautomation.ae,
Book My Bouquets - New,,https://www.bookmybouquets.com/,
Blck Homes,Home Decor,blck-homes.myshopify.com,India
Hyperballik,,usqffc-jd.myshopify.com,
Stick Tapes Pvt Ltd.,,https://www.tapeduniya.com/,
Pleats By Aruni,,aruni-designs-new.myshopify.com,
Sruthi Herbal Laboratories,Wellness Products,https://www.sruthiherbal.com,India
Roslyn By Demi,,96f864-2.myshopify.com,
Retex Online,"Healthcare,Fashion and Apparel,Automobile",retex-online.myshopify.com,India
Interfil,Automobile,interfil.com,Spain
Nippon Paint n-Shield,,0g3kd1-cj.myshopify.com,
saayathelabel,,saayathelabel.myshopify.com,
mm2mm products,,www.mm2mmproducts.in,
Digital Aspire Tech,,www.digitalaspiretech.com,
Kayadeep Store,,3tjs1w-t2.myshopify.com,
Aruna Techno Industries,,www.arunatechno.com,
Laser Guru,,www.laserguru.store,
Pinnacle Growth Consulting,,https://pinnaclegrowthconsulting.com/,
Aruni Design,,aruni-design.myshopify.com,
Ibuki,,https://ibuki.co.in/,
Boho Chic By Sukriti Jain,,bohochicbysukritijain.myshopify.com,
TechXR Innovations Private Limited,,durlabhdarshan.com,
siachenaqua,,siachenaqua.com,
Eston Amenities,,www.estonamenities.com,
Infonet comm Enterprise Pvt ltd,,https://www.infonetcomm.com,
The Skin Health Institute,,theskinhealthinstitute.com,
Airo Tech Enterprise,,www.compressorairotech.com,
Artalley Manufacturer Pvt Ltd,,lmnoh.myshopify.com,
Shivani Macharla,,daqtg0-6u.myshopify.com,
Fregor,,dcqdtt-6p.myshopify.com,
BRIGHT INDUSTRIES,,www.brighthosereel.com,
Nippon Paint FX10,,https://nipponpaintfx10.com/,
SHAMAN SPICES & FOOD PRODUCTS LLP,,pdxqxg-4q.myshopify.com,
Noirdate,,noirdate-india.myshopify.com,
SOHAM - LIVE YOUR 150,,https://www.sohamliveyour150.com/,
Hear Clear Hearing Aid,,blueandredhearclear.myshopify.com,
Yodley,,yodelystore.myshopify.com,
Brae Hair Care UAE,,d3902b-6b.myshopify.com,
NHK Helmets,,3a29cd-e3.myshopify.com,
DECORISE DESIGNS (OPC) PRIVATE LIMITED,,decorisedemo.myshopify.com,
Auffullen Healthcare Private Limited,,auffullen.myshopify.com,
SLOOP APPARELS (OPC) PRIVATE LIMITED,,0v0fuv-f9.myshopify.com,
iKeva,,ikeva.com,
Pradhana Organics,,ri9ipt-bs.myshopify.com,
Kiwi Nutritech,,https://deckupnutrition.com/,
Metline Overseas,,www.metlineoverseas.com,
The world is yours,,https://sufratfaisal.com/,
Little Grown-Ups,,16vgep-qk.myshopify.com,
The Skin Front,,the-skin-front.myshopify.com,
Neumomed 2,Healthcare,www.neumomed.com,India
Parth Industries,,http://www.parthindustries.co.in/,
Infocom Network Private Limited,,www.tradeindia.com,
Shasva Health,,shasva-healthcare.myshopify.com,
Mech O Tech LLP,,www.mechotech.in,
Palak Computers,,https://www.palakcomputers.com/,
MOMO Studio,,shopmomostudio.myshopify.com,
Gray Parrot,,sjask2-g0.myshopify.com,
U.P AGROCHEM INDUSTRIES,,www.upagrochemsulphur.com,
Inner Space,,www.tline.in,
SHREE SHANTINATH ENTERPRISES,,www.transparentpackaging.co.in,
MONOPLAST,,www.monoplast.in,
Girnar Ayurvedic Pharmacy Private Limited,,https://girnarayurvedic.com/,
Divine Heals22,,divine-heals22.myshopify.com,
Hi Life Products Private Limited,,https://hilifewellness.com/,
Pureit Chemicals,,https://www.pureitchemicals.com/,
Trim Masters,,https://thepookadai.com/,
Sanjay Ball Co,,www.sbcball.com,
Mandala GoodVibes,,https://mandalagoodvibes.com/,
VIKHROLI INDUSTRIAL GAS SERVICE,,vikhroliindutrialgas.com,
DYNAMIC ENTERPRISES INC.,,www.dynamicenterprisesinc.com,
Global Telecommunications,,www.globaltelecomm.co.in,
Via Ventures,,www.thepawstory.in,
International Wirenetting Industries,,www.interwiremesh.com,
Kava Automobiles,,www.kavaautomobile.com,
GLOBAL IIMPEX,,www.globaliimpex.in,
ACCOLADZZ CASHEW INDUSTRIES,,www.accoladzzcashewind.com,
Metal House Overseas llp,,www.mayurmetal.co.in,
Silverline metal engineering pvt ltd,,www.silverlineintl.com,
Cadol Group,,https://cadolgroup.com/home/,
Rite zone chemcon india ltd,,www.ritezone.in,
Coceptual Media Private Linited,,www.coceptualmedia.com,
Elematic India Pvt. Ltd.,,https://www.elematic.com/,
Jubiilant Print & Pack,,www.jubilantprintnpack.com,
Shiseido professional,Beauty & Cosmetics,https://www.shiseido-professional.com/ja/,Japan
Couples Emotion,,couples-emotion.myshopify.com,
MyFrido,,myfrido.myshopify.com,
Surginatal,,surginatal.com,
Huts and Looms,,huts-and-looms.myshopify.com,
House of Objects,,house-of-objects.myshopify.com,
Fitterfly Healthtech,,https://www.fitterfly.com,
Revamp G,,www.revamp24.in,
Table & Twist,,table-twist.myshopify.com,
Merlion Naturals,,merlionnaturals.myshopify.com,
By the bay,,http://bythebay-india.myshopify.com/admin,
NATTY GARB,,nattygarb.myshopify.com,
Unitus Health Academy,Wellness Products,https://www.unitusacademy.com/,India
Major Hospital,,www.majorsuperspeciality.com,
VILASA,,vilasaworld.myshopify.com,
Global Beauty Secrets,,discovergbs.myshopify.com,
Premium Guard Inc,,https://pureflowair.com/,
DearCows (Mumbai Gwalas Pvt. Ltd.),Dairy Products,dear-cows.myshopify.com,India
RAW BEAUTY WELLNESS PRIVATE LIMITED,,shiva2021.myshopify.com,
Dark Forest,,df-pe-india.myshopify.com,
Education10X 6,,https://education10x.club,
Gi Bazar,,www.bwitchedzone.com,
Trendcovein,,trendcove-in.myshopify.com,
freebowler,,freebowler-india.myshopify.com,
HERBCIENCE,,herbcience-com.myshopify.com,
Monster Deals,,monster-deals-india.myshopify.com,
Markerlink Ecosystem Private Limited,,www.kudej.life,
Sipwise Beverages Pvt Ltd,,drink1947.myshopify.com,
Hobby India,,md-fart-india.myshopify.com,
Essma Felts Ltd,,souffle-9466.myshopify.com,
House of Deepthi,,the-house-of-deepthi.myshopify.com,
Jamies,,jamies-7012.myshopify.com,
Solara Home,,dev-solara.myshopify.com,
Royal Bee Brothers,,royalbeebrothers.myshopify.com,
Oralia India,,oralia-india.myshopify.com,
DripTrip.in,,warriortribe-in.myshopify.com,
UrbanCircle,,www.urbancircle.ae,
TRIBAL ORNAMENTS,,tribal-ornaments.myshopify.com,
Total environment,,https://www.total-environment.com/,
Love Anamitra,,love-anamitra.myshopify.com,
SIG India,,https://www.sig.biz/,
TENDER HEALTHTECH LLP,,https://www.tht.net.in/,
Celebrations Tea,Food and Beverage Manufacturing,celebrations-by-feligos.myshopify.com,India
Mukhautaa,,mukhautaa.myshopify.com,
Shuddh Desi Herbal Co.,,shuddh-desi-herbal.myshopify.com,
Kal Hans Naturals,,kal-hans-naturals.myshopify.com,
pH Laboratories,Beauty & Cosmetics,https://www.phlaboratories.in/,India
AUTOFAKTORY,,http://www.autofaktory.com/,
Revamp24 Main,,https://www.revamp24.in/,
Kudrati Organics,,kudrati-organics.myshopify.com,
mynextscent,,mynextscent.com,
Sportyze,,www.sportyze.com,
Bhai Please India,,bhai-please-india.myshopify.com,
kikaindiaonline,,kikaindiaonline.myshopify.com,
EMYGIDEUS,,,
Indian Book Depot (Map House),,indian-book-depot-map-house.myshopify.com,
Beatitude,,beati-tude.myshopify.com,
Petsgool Online,,petsgool-online.myshopify.com,
Clever Harvey,,,
BR KERATIN,,brasilcacau.myshopify.com,
Medcare Diagnostics,,,
Yoga Fitness & Nutrition Brands,Wellness Products,https://yogabrands.in/,India
Japam Spiritual Pvt Ltd,,japam-in.myshopify.com,
Zoe The Label,,foreverzoe.myshopify.com,
Eat With Better,,eatwithbetter.myshopify.com,
Uptownie,,uptownie101.myshopify.com,
Golden Tips Tea,,goldentipsindia.myshopify.com,
From Shekhawati,,from-shekhawati.myshopify.com,
Himalayan Origins,,himalayan-origins.myshopify.com,
VinExpo InterAds,,,
Aguante,,aguanteindia.myshopify.com,
Yaalz,,yaalsta.myshopify.com,
BCOS Its Silver,,bcositssilver.myshopify.com,
Klingaru,,klingaru.myshopify.com,
Enhance Skincare,,enhance-skincare-store.myshopify.com,
Shakespeare Fleur,,fleurshakespeare.myshopify.com,
Renee Cosmetics,Cosmetics,reneeofficial.myshopify.com,India
knotnotindia,,knotnotindia.myshopify.com,
str8bat,,https://str8bat.com/,
Shipio logistics,,www.shipio.in,
GK Hair Professional,Cosmetics,gkhairprofessional.myshopify.com,India
Anmol Baby Carriers,,anmolbaby-carrier.myshopify.com,
Trycone,,trycone.myshopify.com,
Fabuliv,,the-fabuliv.myshopify.com,
Rasayanam Enterprises,,rasayanam.in,
happy. cheeks private limited,,hellokidology-co.myshopify.com,
UCG Jewels LLP,,taraash-3.myshopify.com,
BevZilla,,,
nawra,,nawraonline.myshopify.com,
Glamly - Jain Amar Clothing,,glamly1.myshopify.com,
PanameraDesign,,panameradesign.myshopify.com,
Earth Essence Store,,earth-essence-store.myshopify.com,
ActiveX,,myactivex.myshopify.com,
Kitchen Arana,,home-ara.myshopify.com,
SILK ZONE,,silkzone.in,
The Zen Crystals,,the-zen-crystals.myshopify.com,
Thewalletstore,,thewalletstore1.myshopify.com,
Brahma Bull - What Men Want!,,the-belgium-store.myshopify.com,
Remedo,,,
satkartarhealthcare,,satkartarhealth.com,
EZCURE,,https://ezcure.io,
ROSES & TULIP,,rose-tulips.myshopify.com,
Jaibros,Daily Essentials,jaibros1.myshopify.com,India
Ranfort Wellness Pvt Ltd,Healthcare Consulting,https://www.drshikhasharma.com/,India
FRESHENGO,,freshengo.myshopify.com,
Spark Studio,Education,www.sparkstudio.co,India
Gunas New York,,gunas-new-york.myshopify.com,
Altlifelab Solutions Pvt Ltd,,store-altlifelab-com.myshopify.com,
TROTO,,troto-afb.myshopify.com,
Big Little Lemons,,sakshi-masand21.myshopify.com,
Onelife,,onelifeindiastore.myshopify.com,
nei NATIVE,,www.neinative.com,
Prasam Crafts,,prasamcrafts.myshopify.com,
By Nature Everyday Nutrition,,bynature-in.myshopify.com,
Unleashed Premium,,https://unleashedpremium.com,
Cedarwood,Education,cedarwood.co.in,India
Jvkart.in,,jv-kart.myshopify.com,
Urban Storie INDIA,,blushbees.myshopify.com,
Arkimy technologies,Online Gaming,www.buystars.com,India
OPTM Health Care,,https://optmhealthcare.com/,
The Golden Triangle India,,the-golden-triangle-india.myshopify.com,
Buykefi Innovations,,buykefi-india.myshopify.com,
Mirana Jewels,,https://miranajewels.com,
mySmilist,,https://mysmilist.com/,
Roque Alonso P. y Asociados Agente de Seguros,,https://www.roquealonso.com.mx/,
NAMYA LIVING,,namya-living.myshopify.com,
BBetter Store,,bbetter-store.myshopify.com,
amor8co,,amor8co.myshopify.com,
BRB Chips,,brb-popped-chips.myshopify.com,
Radheys,,radheysc.myshopify.com,
Supreme - Mart,,2boom2.myshopify.com,
Trendy Creations,,folkcreation.myshopify.com,
TDF DIAMONDS & GOLD,,https://www.tdfjewellery.com/,
Keebee Organics,,keebee-organics.myshopify.com,
GSF India,,https://gsfindia.com/,
NARGIS,,getnargis.myshopify.com,
CosmoCutis,,medcutis.myshopify.com,
Blueberry Boutique,,blueberry-boutique-bbqstyle.myshopify.com,
The official site of BRAE Brand,,braeusa.myshopify.com,
Ball Bearing & Machinery Corporation,,https://bbmc.co.in/,
Nourish Mantra India,,nourishmantra.myshopify.com,
Blue Ocean Consulting Private Limited,,crafts-collections.myshopify.com,
S. S. Polymers Impex Pvt. Ltd.,,https://viztaar.com,
Lamron,,lamron-co.myshopify.com,
Cornitos,,cornitos-products.myshopify.com,
Thevasa New,,thevasa-new.myshopify.com,
INDYDUKAAN,,indydukaan.myshopify.com,
Nutree Cosmetics,,nutreecosmetics.myshopify.com,
neofaa.com,,neofaa-com.myshopify.com,
Edification Academy,,edificationacademy.com,
ALOFI - Guru Kripa Exports,,myalofi.myshopify.com,
amazing-stuffs.com,,amazing-stuffs-com.myshopify.com,
Kewal Kiran Clothing Ltd.,,https://www.lawmanpg3.com/,
babyfitaihi-online,,babyfitaihi-online.myshopify.com,
NutriBurp,,www.nutriburp.com,
Blacksmith Fashion,,blacksmithonline.myshopify.com,
Avias world,,avias-world.myshopify.com,
Smeltt.com,,smeltt-com.myshopify.com,
MagicLeaf 3,,,
Emovur,,emovur.com,
Nakedforcocoa,,nibschoco.myshopify.com,
Dabble PlayArt,,dabble-playart-store.myshopify.com,
Flawless Coat Boutique,,flawlesscoatboutique.myshopify.com,
Twin Health,,https://www.twinhealth.com/,
CPS Shapers Limited,,dermawear-testing.myshopify.com,
Mughai's Farm Origin Store,,mughais.myshopify.com,
Aegte,,aegtes.myshopify.com,
Smugglerz Inc.,,smugglerz-inc.myshopify.com,
Stuffycare,,stuffycare.myshopify.com,
Trisha Kreations,,https://kavyshilphandmade.com,
Ventra Kids Wear,,ventrakids.myshopify.com,
The Spicery,,the-spicery-india.myshopify.com,
Bling Lifestyle LLP,,bling-sutra.myshopify.com,
Smartveda,,https://smartveda.co/,
AAYNA Clinic,,https://www.aaynaclinic.com/,
Threads,,shobana-nithin-threads.myshopify.com,
Nytarra Naturals,,nytarranaturals.myshopify.com,
Magicleaf,Wellness and Fitness Services,magicleaf-stevia.myshopify.com,India
Perfect Styles Store,,perfectstylestore-in.myshopify.com,
The Pillow Company,,tpc-com.myshopify.com,
Noorson,,noorson.myshopify.com,
EAST NETWORK,,https://eastnetwork.org/,
Elementia Wellness Pvt Ltd,,https://tattvaspa.com/,
Dastkhat Studio,,dastkhat-studio.myshopify.com,
Eyecirque Store,Healthcare,eyecirque-store.myshopify.com,India
PARDEWALE.in,,pardewale.myshopify.com,
Dubai Properties from PREMIER HEIGHTS,,alamoodyae.myshopify.com,
Anaario,,anaario.myshopify.com,
Zobay,,zobay.myshopify.com,
Smart Scholars,,pharma-co.myshopify.com,
Essancia,,https://essanciaonline.com/,
Reflekt Sustainables,,reflekt-sustainable.myshopify.com,
MADELONA,,jovanka-jewerly.myshopify.com,
SleepLove,,sleeplove-co.myshopify.com,
Hoop Flo,,the-hula-hoop-shop.myshopify.com,
Awsome Solution - New,Daily Essentials,awsome-solution.myshopify.com,India
Edification Academy,,edificationacademy.com,
de pasro,,www.depasro.com,
Kitchen Assistant India,,kitchenassistantstore.myshopify.com,
Goodveda,Wellness Products,goodvedasite.myshopify.com,India
Divine Aroma,Home Decor,divine-aroma-energy.myshopify.com,India
Punam Metalcrafts,,punam-metalcrafts.myshopify.com,
Nash Enterprises,,nash-mens-store.myshopify.com,
UrTaxLounge LLC,,https://urtaxlounge.com/,
Gufetto Brand,,gufettobrand.myshopify.com,
Bella Vita Organic,,bellavita1.myshopify.com,
Asian Suits Online,,asiansuitsonline.myshopify.com,
Neem Ayu,,neem-ayu-new.myshopify.com,
aulilifestyle.com,,aulilifestyle-com.myshopify.com,
Triumph Estate,,https://triumphestates.in/,
eageedusolution pvt .ltd,Education,www.eagetutor.com,India
fabkraft.com,,fabkraft-official.myshopify.com,
House Of Kari,,house-of-kari.myshopify.com,
Ivanka lumiere,,ivankalumiere.myshopify.com,
Shopy Vision,,https://www.shopyvision.com/,
Attic Salt,,https://www.atticsalt.in/,
ZulaMinds,,zulaminds.myshopify.com,
SOS Source Of Supplements,,https://sourceofsupplements.com/,
NEXT CARE INC,,https://www.nextcareindia.com/,
Blingbrands Pvt Limited,,be-bold-fit.myshopify.com,
Flexnest,,fytnest.myshopify.com,
Deya,,sale-goldentime.myshopify.com,
Healeo Nutrition,,marketing-9996.myshopify.com,
AURAVEDIC,,auravedic-22.myshopify.com,
Rogic Jeans,Fashion and Apparel,www-rogic-in.myshopify.com,India
Saraswat Hospital,,www.saraswathospital.com,
ExpenseOnDemand,,https://apps.expenseondemand.com/,
Power Gummies,,power-gummies-dev.myshopify.com,
Parama Calcutta,,paramadhusree.myshopify.com,
Chemistry,,chemistryonlineindia.myshopify.com,
sumisolife,,sumisolife.myshopify.com,
Sera Pure,,sera-pure.myshopify.com,
Classy Vouge,,classy-vouge.myshopify.com,
DREAMY DESIGNER,,dreamy-designer-37.myshopify.com,
Kyari.co,,kyari-co.myshopify.com,
Khatabook,,https://khatabook.com/,
Ettorez,,9cc80b-2.myshopify.com,
STITCHNEST,,stitchnest-3865.myshopify.com,
Frugease,,hunger-jugaad.myshopify.com,
SF HealthTech,,sfhealth-tech.myshopify.com,
Poppi,,poppi-worldwide.myshopify.com,
Hey Honey Yoga,,hey-honey-yoga.myshopify.com,
DrMantra,,dr-mantra.myshopify.com,
NasAcademy,,https://nasacademy.com/,
Priyagold,,priyagoldonline.myshopify.com,
Thread Stories,,thread-stories-revamp.myshopify.com,
vitascientica.in,,vitascientica.in,
Your Gift Studio,,yourgiftstudio.myshopify.com,
Manav Rachna Edu,,https://manavrachna.edu.in/,
Amama,Jewellery,ammamma.myshopify.com,India
Awarid KSA,,awarid-ksa.myshopify.com,
Trendy Kit,,betterguru-3067.myshopify.com,
Rage Coffee,,rage-coffee.myshopify.com,
IBA Cosmetics,,iba-cos.myshopify.com,
awsomesolution,,awsomesolution.myshopify.com,
Topline Industries Pvt. Ltd.,,www.toplineindustries.in,
SHAAPA Cases India,,shaapa-cases-india.myshopify.com,
Incare,,incare-1.myshopify.com,
lowcarbcity,,lowcarbcity.myshopify.com,
Roopayur,,sws-roopayur.myshopify.com,
Devans,,https://www.devans.co.in/,
Ninuso,,niniso-6647.myshopify.com,
KIBI SPORTS,,kibi-sports.myshopify.com,
Invogue Shop,Fashion and Apparel,gotvibein.myshopify.com,India
Greymuro,,greymuro-india.myshopify.com,
NUTESSENCE PRIVATE LIMITED Nutki,,www.nutki.in,
Farm Stories,,myfarmstories.myshopify.com,
Poetry House Party,,poetryhouseparty,
Ajwain Watches,,ajwa.in,
Fruit Mart,Food and Beverage Manufacturing,fruitmart.in,India
Hike,,https://www.getrushapp.com,
ROOT and SOIL,Beauty & Cosmetics,root-soil.myshopify.com,India
FULLY HYPED,Fashion and Apparel,fully-hyped-store.myshopify.com,India
Math Quotient,,https://www.mathquotient.org,
pengessentials,,pengessential.myshopify.com,
Indus Creamery,,4s-foods.myshopify.com,
Unboxkar.in,Beauty & Cosmetics,unboxkar-in.myshopify.com,India
Zoe The Label India,,zoethelabel.in,
Makeit,,http://mymakeit.in/,
PHIMEDY,Beauty & Cosmetics,tdf-diamonds-gold.myshopify.com,India
The Portable Monitor,,screenssolutions.myshopify.com,
ALEG,,https://www.aleg.in/,
MulSecrets,,mulsecrets.myshopify.com,
Elegant Bags,Fashion and Apparel,https://theelegantbag.com/,Saudi Arabia
Indus Valley,Cosmetics,indus-valley2.myshopify.com,India
rummy yes,,https://rummyesindia.com/,
BabyPro,,babyprotectors.myshopify.com,
Rusabl,,rusabl.myshopify.com,
Wood Culture,Home Decor,woodculturedxb.myshopify.com,UAE
Utensilbay,,8b1ed5-2.myshopify.com,
OS NUTRITION GmbH,,os-nutrition-com.myshopify.com,
Oud Attarwala,Perfumes,oudattarwala.myshopify.com,India
MYDESIGNATION ONLINE CLOTHING PRIVATE LIMITED,Fashion and Apparel,mydesignation-store.myshopify.com,India
IntimateQueen,,4d032d-2.myshopify.com,
Hummel India,,hummel-india.myshopify.com,
Daniel Klein,Fashion and Apparel,daniel-klein-1805.myshopify.com,India
My Mechanic,,e8281b.myshopify.com,
Vedique by Dr Shikha Sharma,"Health & Nutrition ,Wellness Products",https://www.drshikhasharma.com/,India
Nivikar Consultancy Services LLP,,8b19c5.myshopify.com,
asa Beauty,Beauty & Cosmetics,asacosmetics.myshopify.com,India
minaturewellness,,minaturewellness.myshopify.com,
Dr Shikha's OneHealth,,https://www.onehealthplatforms.com/,
Twin Health ,,https://twinhealth.com/,
Vaunt Skincare,,ivauntskincare.myshopify.com,
Luxury Aesthetics,,www.luxuryaestheticclinic.com,
Euphor,,b3d1f4-3.myshopify.com,
Ridhi Mehra,,https://www.ridhimehra.com/,
Marine Hub,Fishing,www.emarinehub.com,"New Zealand,USA"
PlayVerse Toys,,a97320.myshopify.com,
ISPEKTRUM,,ispektrum.myshopify.com,
Otrix,,otrixindia.myshopify.com,
Environmanly,Fashion and Apparel,environmanlyindia.myshopify.com,India
THEFITTHEORY,Fashion and Apparel,thefittheory00.myshopify.com,India
Zeroharm,,zero-harm.myshopify.com,
Anupama Menon,,https://www.anupamamenon.com/,
Meadbery,,meadbery-india.myshopify.com,
Spark Metro,,https://www.sparkmetro.com/,
Alxedo,,alxedo.myshopify.com,
Ganpatis Bridal Wear,,ganpatis-bridal-wear.myshopify.com,
Chamee and Palak official,,chamee-and-palak-offical.myshopify.com,
Buyerkart,,https://buyerkart.in,
9M Skincare,,9m-skincare.myshopify.com,
firstorganicbaby,,organicbosnia.myshopify.com,
BharatMed,Healthcare,https://bharatmed.ai/,India
Neyah,,neyah-beauty.myshopify.com,
Terer,Food and Beverage Manufacturing,sunil-9439.myshopify.com,Malaysia
Shree Ashtech,Automobile,https://shreelog.com/,India
Curl Care,Hair Care,inari-naturals.myshopify.com,India
Sareewave,Fashion and Apparel,sareewave.myshopify.com,India
Safaa World,,safaa-world.myshopify.com,
Goodmelts,,73e48c-2.myshopify.com,
Love Planet (DNZ Industries),,bless-way-india.myshopify.com,
FARAK,,farakwear.myshopify.com,
Hub Alhaya,,hub-alhaya.myshopify.com,
Gleva.in,,gleva-in.myshopify.com,
XtraPension,,https://xtrapension.com,
naughtymonger,Food and Beverage Manufacturing,naughtymonger.myshopify.com,India
Ovenly Baked,,shopovenlybaked.myshopify.com,
Aulerth,,aulerth-staging.myshopify.com,
Sutra Art of Clothing,Fashion and Apparel,the-sutra-clothing.myshopify.com,India
Jompers,,jompers.myshopify.com,
Ziva Uniforms,,vinis-uniform.myshopify.com,
Babylon Store,,babylonstoremx.myshopify.com,
Sassiest,Healthcare,sassiest1.myshopify.com,India
Alive Wellness Clinics,,http://alivewellnessclinics.com/,
HERBS NUTRIPRODUCTS,Health & Nutrition,herbs-nutriproducts-private-limited.myshopify.com,USA
Jeyachandran Textiles,Fashion and Apparel,jeyachandran-textiles.myshopify.com,India
Ditch The Guilt (DTG),Food and Beverage Manufacturing,v5nhi8-mw.myshopify.com,India
Techno Sport,,technosport-v2.myshopify.com,
Salt Oral Care,Wellness Services,saltoralcare.myshopify.com,India
Panna Sarees,Fashion and Apparel,panna-sarees.myshopify.com,India
Nolabels,,https://nolabels.in/,
LORDLY,,07cc51-2.myshopify.com,
The Biohackers Co.,Health & Nutrition,22eedf-4.myshopify.com,India
FXM LONDON,,wearfxm.myshopify.com,
MahaaRajaa,,de0104.myshopify.com,
OhSoFly,,bfc-ohsofly.myshopify.com,
Rosha India,Home Decor,rosha-india.myshopify.com,India
Rosada Unicorn Pvt Ltd,Personalised Gifting,rosadababy.com,India
Oneness Lifestyle LLP,,d49f97-3.myshopify.com,
Herb Tantra,Wellness Products,herbtantra.myshopify.com,India
By The Bay India,Fashion and Apparel,bythebay-india.myshopify.com,India
RoohbyRidhimaa,,roohbyridhima.myshopify.com,
Globalshiksha,,globalshikshanew.myshopify.com,
Petmojo,,https://www.petmojo.care/,
Scentira,Perfumes,scentira.myshopify.com,India
AVIAS INDIA,,https://aviasindia.com,
Dhruv Kapoor,Fashion and Apparel,dhruvkapoor.myshopify.com,India
litemed,Healthcare,litemed.myshopify.com,India
Princess By Renee,Beauty & Cosmetics,princess-by-renee.myshopify.com,India
Nos Colonnes,,noscolonnesv1.myshopify.com,
EasyGo Holiday Homes,Travel & Tourism,www.easygoholidayhomes.com,Dubai
paarshin,Fashion and Apparel,paarshin.myshopify.com,India
Zero North,,zeronorthkw.myshopify.com,
Living Words,,livingswords.myshopify.com,
Shop369,Fashion and Apparel,369-online.myshopify.com,India
Skinbae India,Beauty & Cosmetics,skinbae-in.myshopify.com,India
Taruni Clothing,Fashion and Apparel,taruni-clothing.myshopify.com,"India,USA"
Solar For Nature,,solar-for-nature.myshopify.com,
Poseidon Hair,Hair Care,www.poseidonhair.com,
Acacia Garden Center,Personalised Gifting,244768-3.myshopify.com,India
Designer Watch Shop,,designerwatchshop1.myshopify.com,
SOLES,Fashion and Apparel,soles-more.myshopify.com,India
Jaipur Rose,Jewellery,jaipur-rose.myshopify.com,USA
Cheekee,,00eceb-2.myshopify.com,
Green And Beige,Cosmetics,https://greenandbeige.com/,India
The Old Natural,Wellness and Fitness Services,the-old-natural-india.myshopify.com,India
Nestroots,Home Decor,nestroots-india.myshopify.com,India
PERCH,Fashion and Apparel,e05796-6c.myshopify.com,India
calin.in,Fashion and Apparel,calin-leggings.myshopify.com,India
Sukoon,Home Decor,www.sukoon.online,India
Style Jaipur,,5b1638-4.myshopify.com,
Zam Zam Perfumers,Perfumes,zamzamperfumers.myshopify.com,India
International Book of Records,,https://www.internationalbookofrecords.com,
Tweak Salon,,https://tweaksalon.com/,
SAKSHI Trust - Bangalore,NGO,sakshi-trust-bangalore.myshopify.com,India
PropReturns,,https://www.propreturns.com/,
Arbanox,Health & Nutrition,arbanox.com,India
Full Boar Sports,,full-boar-sports.myshopify.com,
Evermore,,evermore-1943.myshopify.com,
Amanda Moda,,amandamoda-1.myshopify.com,
Chatterbox,,www.chatterboxlive.in,
MoveAI,,https://www.moveai.in/,
Yummyies,,https://yummyies.com/,
Lobha Deepthis,Fashion and Apparel,deepthis-online.myshopify.com,India
Youneek Pro Science,Cosmetics,youneekproscience.myshopify.com,India
Allthatsdesi,Fashion and Apparel,allthatsdesi.myshopify.com,India
Vedaheal,,7603a3-2.myshopify.com,
The Good Routine,,b43119-10.myshopify.com,
NN Real Estate,Real Estate,https://www.nnrealestate.ae/,India
Label Shaurya Sanadhya,Fashion and Apparel,shauraya-sanadhya.myshopify.com,India
Kitchen Galaxy,Electronics,367a40-3d.myshopify.com,India
Indian Imitation Jewellery,Jewellery,indianimitationjewellery.myshopify.com,India
The Wellness Shop 2,Wellness Products,https://www.thewellnessshop.in/,India
AuroraScents,Perfumes,5c30cb-a2.myshopify.com,India
Bombay Box,,https://bombayboxme.com/,
Prime Car Care,,www.primedetailers.in,
THREADCURRY,,threadcurry.myshopify.com,
DONETELLA,,https://www.donetella.com/ar/,
Wasapi,,1d6c87-ce.myshopify.com,
Dermatics.in,,dermatics-in.myshopify.com,
Arabian Aroma Perfumes,,c8aecb-e4.myshopify.com,
Ridhiiee Suuri,,ridhi-suri.myshopify.com,
AURIGLO,,8ab84f.myshopify.com,
Sploot,,wesploot.myshopify.com,
Boond Fragrances,,boondfragrances.myshopify.com,
Carat Mantra,,caratcrush.myshopify.com,
Go Ayurveda Dhanvantri,,d77762-2.myshopify.com,
Carat Crush,,carat-crush.myshopify.com,
NetAmbit,,https://netambit.com/,
Barken's,,43e44b-ba.myshopify.com,
GiftingStudio.in,,giftingstudio-in.myshopify.com,
Jimmy's Dips & Sauces,,2f4fb7-8b.myshopify.com,
FinFlexi,,https://finflexi.com/,
Ezurr,,kvk6ts-z0.myshopify.com,
Europe Emirates Group,,www.uae-eu.com,
Kidsty,,https://kidsty.in,
Namhya Ayurveda,,a1bacb-77.myshopify.com,
AyurvedicSutra,,ayurvedicsutr.myshopify.com,
UNCLUTTERED CLOSET,,521b8f-3.myshopify.com,
Global Minaturewellness,,global-minaturewellness.myshopify.com,
MAKAIBARI TEA,,makabari.myshopify.com,
Label By Mohita,,2349c8-bd.myshopify.com,
Hay Clothing 2,,https://hayclothing.in/,
Musclemind activeleisure,,musclemind-activeleisure.myshopify.com,
Aurelia Diamonds,,aurelia-diamonds.myshopify.com,
OUD ARABIA PRIVATE LIMITED,,oudarabiadubai.myshopify.com,
Be Wellness India Pvt. Ltd.,Health & Nutrition,www.thebelife.co,
Culture Circle,,https://www.culture-circle.com,
Alfa Gold,,https://alfagoldkwt.com,
Priya Gold,,f1953f-aa.myshopify.com,
Joules by Radhika 2,Fashion and Apparel,https://www.shopjbr.com/,India
ASGARD VENTURES,Education Administration Programs,https://springdaleeducation.com/,India
Ved Sanjeevani,,knvhaj-ka.myshopify.com,
Zaydn sneakers,,zaydn-sneakers-9727.myshopify.com,
Notebook,,thenotebookofficial.myshopify.com,
Gurgaon Estates,,gurgaonestatein.com,
House of Banaras,,61062a-2.myshopify.com,
Sammsara,,sammsara.myshopify.com,
Avaya Live,,https://www.avaya.live/,
Awear Beauty,,awear-beauty-2.myshopify.com,
THE LIVING CO.,,tlc-new.myshopify.com,
Charmacy Milano Store,,charmacy-india-store.myshopify.com,
Nei Native Lifestyle Private Limited,,https://neinative.com/,
Hanabee,,1af128-2.myshopify.com,
purelyyours.com,,purelyyours-com.myshopify.com,
V6 Clinics,,https://v6clinics.com/,
Aza Fashions,,https://www.azafashions.com/,
Jolger Active,,saggianventures.myshopify.com,
Luxmi Estates,,luxmitea.myshopify.com,
Jungle marigold,,lilabynikimahajan.myshopify.com,
status UK,,https://statusuk.uk/,
TDPL,,tdpl.org.in,
NS4 Trips,,https://ns4trips.com/chat-bot,
The Pillow Company 2,,rstpk.myshopify.com,
Pushpanjali Jewels,,www.pushpanjalijewels.com,
Renee Cosmetics - Glow Insights,Cosmetics,https://www.reneecosmetics.in/,India
BR MG,,beeaar.com,
Rosa Herbalcare,,rosa-herbalcare.myshopify.com,
Divyaarth,,divyaarth1.myshopify.com,
V3 Hyundai,,https://www.v3hyundai.com/,
Bizgurukul - Backup,Education,https://bizgurukul.com/,India
Aroma360,,aroma360-gcc.myshopify.com,
e-affordables.com,,affordables-com.myshopify.com,
OPRATA,,https://oprata.in,
Skin Garden Store,,skin-garden15.myshopify.com,
Jagdish Farshan,,jagdishfarshan.myshopify.com,
PetMad,,b38567-49.myshopify.com,
Aguila ActiveWear,,augila.myshopify.com,
Roop Vatika,,roop-vatika-official.myshopify.com,
Be Clinical,,botnal.myshopify.com,
Accacia,,https://accacia.ai/,
Hindustan Tradelinks,,purezza-jewells.myshopify.com,
ALCIS Sports,,alcissports.myshopify.com,
Balnsheet,,https://balnsheet.com,
Zenith Financial Services,,zenithfinancialservices.com,
DHRUV KAPOOR DESIGNS PVT LTD,Fashion and Apparel,https://dhruvkapoor.com/,India
Umami Food Studio,,umamifoodstudio.myshopify.com,
NamAstro,,zxrrrc-u0.myshopify.com,
Exhale Coffee,,https://exhalecoffee.com/,
Dabur 1884,,https://dabur1884.com/,
GENEVE NOVELTIES,,www.genevenovelties.com,
Safety Screens,,www.safetyscreens.ae,
Rhe-Ana,,rhe-ana.myshopify.com,
ICONIC FURNITURE TRADING CO. L.L.C,,www.iconicoffice.ae,
Manav Rachna International School,,https://mris.edu.in/,
Virtual Support IE,,https://virtualsupportireland.ie/,
Dharma Corporation,,www.dharmacorproation.co.in,
Raizn,,www.raizn.com,
Zia Shop,,4xt3rm-uc.myshopify.com,
Wrap Game,,wrapgameonline.myshopify.com,
Threedosha,,0qhki0-dg.myshopify.com,
Sri Tirupati textiles,,www.sritirupatitextiles.com,
CHROMA MERCHANDISE,,www.chromamerchandise.com,
Acme chemicals,,www.acmechemicals.co.in,
Lacto Food,,lacto-food.com,
House Of Balaji,,nxxh8z-bj.myshopify.com,
kreditfin,,https://kreditfin.com,
Little Minds at Work,,www.littlemindsatwork.in,
Luxe Real Estate LLC,,https://luxerealestate.ae/,
Infiniti Industry,,www.infinitipackaging.com,
Les nereides,,lesnereides.com.hk,
Utkarsh Global Foundation,,https://www.utkarshglobalfoundation.org/,
The Wow week,,https://thewowweek.com/,
marKoub.ma,,https://markoub.ma/,
Pinnacle Growth Consulting 2,,https://pinnaclegrowthconsulting.com/,
SwaDharma Online,,rbj0da-1a.myshopify.com,
Sia Bridal,,sia-bridal-official.myshopify.com,
Gonzo,,https://www.gonzoasian.in,
Epic love store by Mankind Pharma,,https://epiclovestore.com/,
The Honest Roots,,https://thehonestroots.in/,
Aganya kreation,,aganya-kreation.myshopify.com,
Uma Ayurveda,,4ec715.myshopify.com,
Orlov,,https://orlov.com/,
Dhampur Green,,https://www.dhampurgreen.com/,
Imagine Foods,,https://imaginefoods.in,
Eco Carry,,https://ecocarry.co/,
Home Comforts,,dshomecomforts.com,
The Little Celebs,,https://thelittlecelebs.com/,
PUCP,,https://www.pucp.edu.pe/,
Paris Beauty,,https://gsparisbeauty.com/,
